0001,Bulbasaur,Bulbasaur,Bulbasaur,Bisasam,Bulbizarre
0002,Ivysaur,Ivysaur,Ivysaur,Bisaknosp,Herbizarre
0003,Venusaur,Venusaur,Venusaur,Bisaflor,Florizarre
0004,Charmander,Charmander,Charmander,Glumanda,Salamèche
0005,Charmeleon,Charmeleon,Charmeleon,Glutexo,Reptincel
0006,Charizard,Charizard,Charizard,Glurak,Dracaufeu
0007,Squirtle,Squirtle,Squirtle,Schiggy,Carapuce
0008,Wartortle,Wartortle,Wartortle,Schillok,Carabaffe
0009,Blastoise,Blastoise,Blastoise,Turtok,Tortank
0010,Caterpie,Caterpie,Caterpie,Raupy,Chenipan
0011,Metapod,Metapod,Metapod,Safcon,Chrysacier
0012,Butterfree,Butterfree,Butterfree,Smettbo,Papilusion
0013,Weedle,Weedle,Weedle,Hornliu,Aspicot
0014,Kakuna,Kakuna,Kakuna,Kokuna,Coconfort
0015,Beedrill,Beedrill,Beedrill,Bibor,Dardargnan
0016,Pidgey,Pidgey,Pidgey,Taubsi,Roucool
0017,Pidgeotto,Pidgeotto,Pidgeotto,Tauboga,Roucoups
0018,Pidgeot,Pidgeot,Pidgeot,Tauboss,Roucarnage
0019,Rattata,Rattata,Rattata,Rattfratz,Rattata
0020,Raticate,Raticate,Raticate,Rattikarl,Rattatac
0021,Spearow,Spearow,Spearow,Habitak,Piafabec
0022,Fearow,Fearow,Fearow,Ibitak,Rapasdepic
0023,Ekans,Ekans,Ekans,Rettan,Abo
0024,Arbok,Arbok,Arbok,Arbok,Arbok
0025,Pikachu,Pikachu,Pikachu,Pikachu,Pikachu
0026,Raichu,Raichu,Raichu,Raichu,Raichu
0027,Sandshrew,Sandshrew,Sandshrew,Sandan,Sabelette
0028,Sandslash,Sandslash,Sandslash,Sandamer,Sablaireau
0029,Nidoran♀,Nidoran♀,Nidoran♀,Nidoran♀,Nidoran♀
0030,Nidorina,Nidorina,Nidorina,Nidorina,Nidorina
0031,Nidoqueen,Nidoqueen,Nidoqueen,Nidoqueen,Nidoqueen
0032,Nidoran♂,Nidoran♂,Nidoran♂,Nidoran♂,Nidoran♂
0033,Nidorino,Nidorino,Nidorino,Nidorino,Nidorino
0034,Nidoking,Nidoking,Nidoking,Nidoking,Nidoking
0035,Clefairy,Clefairy,Clefairy,Piepi,Mélofée
0036,Clefable,Clefable,Clefable,Pixi,Mélodelfe
0037,Vulpix,Vulpix,Vulpix,Vulpix,Goupix
0038,Ninetales,Ninetales,Ninetales,Vulnona,Feunard
0039,Jigglypuff,Jigglypuff,Jigglypuff,Pummeluff,Rondoudou
0040,Wigglytuff,Wigglytuff,Wigglytuff,Knuddeluff,Grodoudou
0041,Zubat,Zubat,Zubat,Zubat,Nosferapti
0042,Golbat,Golbat,Golbat,Golbat,Nosferalto
0043,Oddish,Oddish,Oddish,Myrapla,Mystherbe
0044,Gloom,Gloom,Gloom,Duflor,Ortide
0045,Vileplume,Vileplume,Vileplume,Giflor,Rafflesia
0046,Paras,Paras,Paras,Paras,Paras
0047,Parasect,Parasect,Parasect,Parasek,Parasect
0048,Venonat,Venonat,Venonat,Bluzuk,Mimitoss
0049,Venomoth,Venomoth,Venomoth,Omot,Aéromite
0050,Diglett,Diglett,Diglett,Digda,Taupiqueur
0051,Dugtrio,Dugtrio,Dugtrio,Digdri,Triopikeur
0052,Meowth,Meowth,Meowth,Mauzi,Miaouss
0053,Persian,Persian,Persian,Snobilikat,Persian
0054,Psyduck,Psyduck,Psyduck,Enton,Psykokwak
0055,Golduck,Golduck,Golduck,Entoron,Akwakwak
0056,Mankey,Mankey,Mankey,Menki,Férosinge
0057,Primeape,Primeape,Primeape,Rasaff,Colossinge
0058,Growlithe,Growlithe,Growlithe,Fukano,Caninos
0059,Arcanine,Arcanine,Arcanine,Arkani,Arcanin
0060,Poliwag,Poliwag,Poliwag,Quapsel,Ptitard
0061,Poliwhirl,Poliwhirl,Poliwhirl,Quaputzi,Têtarte
0062,Poliwrath,Poliwrath,Poliwrath,Quappo,Tartard
0063,Abra,Abra,Abra,Abra,Abra
0064,Kadabra,Kadabra,Kadabra,Kadabra,Kadabra
0065,Alakazam,Alakazam,Alakazam,Simsala,Alakazam
0066,Machop,Machop,Machop,Machollo,Machoc
0067,Machoke,Machoke,Machoke,Maschock,Machopeur
0068,Machamp,Machamp,Machamp,Machomei,Mackogneur
0069,Bellsprout,Bellsprout,Bellsprout,Knofensa,Chétiflor
0070,Weepinbell,Weepinbell,Weepinbell,Ultrigaria,Boustiflor
0071,Victreebel,Victreebel,Victreebel,Sarzenia,Empiflor
0072,Tentacool,Tentacool,Tentacool,Tentacha,Tentacool
0073,Tentacruel,Tentacruel,Tentacruel,Tentoxa,Tentacruel
0074,Geodude,Geodude,Geodude,Kleinstein,Racaillou
0075,Graveler,Graveler,Graveler,Georok,Gravalanch
0076,Golem,Golem,Golem,Geowaz,Grolem
0077,Ponyta,Ponyta,Ponyta,Ponita,Ponyta
0078,Rapidash,Rapidash,Rapidash,Gallopa,Galopa
0079,Slowpoke,Slowpoke,Slowpoke,Flegmon,Ramoloss
0080,Slowbro,Slowbro,Slowbro,Lahmus,Flagadoss
0081,Magnemite,Magnemite,Magnemite,Magnetilo,Magnéti
0082,Magneton,Magneton,Magneton,Magneton,Magnéton
0083,Farfetch'd,Farfetch'd,Farfetch'd,Porenta,Canarticho
0084,Doduo,Doduo,Doduo,Dodu,Doduo
0085,Dodrio,Dodrio,Dodrio,Dodri,Dodrio
0086,Seel,Seel,Seel,Jurob,Otaria
0087,Dewgong,Dewgong,Dewgong,Jugong,Lamantine
0088,Grimer,Grimer,Grimer,Sleima,Tadmorv
0089,Muk,Muk,Muk,Sleimok,Grotadmorv
0090,Shellder,Shellder,Shellder,Muschas,Kokiyas
0091,Cloyster,Cloyster,Cloyster,Austos,Crustabri
0092,Gastly,Gastly,Gastly,Nebulak,Fantominus
0093,Haunter,Haunter,Haunter,Alpollo,Spectrum
0094,Gengar,Gengar,Gengar,Gengar,Ectoplasma
0095,Onix,Onix,Onix,Onix,Onix
0096,Drowzee,Drowzee,Drowzee,Traumato,Soporifik
0097,Hypno,Hypno,Hypno,Hypno,Hypnomade
0098,Krabby,Krabby,Krabby,Krabby,Krabby
0099,Kingler,Kingler,Kingler,Kingler,Krabboss
0100,Voltorb,Voltorb,Voltorb,Voltobal,Voltorbe
0101,Electrode,Electrode,Electrode,Lektrobal,Électrode
0102,Exeggcute,Exeggcute,Exeggcute,Owei,Noeunoeuf
0103,Exeggutor,Exeggutor,Exeggutor,Kokowei,Noadkoko
0104,Cubone,Cubone,Cubone,Tragosso,Osselait
0105,Marowak,Marowak,Marowak,Knogga,Ossatueur
0106,Hitmonlee,Hitmonlee,Hitmonlee,Kicklee,Kicklee
0107,Hitmonchan,Hitmonchan,Hitmonchan,Nockchan,Tygnon
0108,Lickitung,Lickitung,Lickitung,Schlurp,Excelangue
0109,Koffing,Koffing,Koffing,Smogon,Smogo
0110,Weezing,Weezing,Weezing,Smogmog,Smogogo
0111,Rhyhorn,Rhyhorn,Rhyhorn,Rihorn,Rhinocorne
0112,Rhydon,Rhydon,Rhydon,Rizeros,Rhinoféros
0113,Chansey,Chansey,Chansey,Chaneira,Leveinard
0114,Tangela,Tangela,Tangela,Tangela,Saquedeneu
0115,Kangaskhan,Kangaskhan,Kangaskhan,Kangama,Kangourex
0116,Horsea,Horsea,Horsea,Seeper,Hypotrempe
0117,Seadra,Seadra,Seadra,Seemon,Hypocéan
0118,Goldeen,Goldeen,Goldeen,Goldini,Poissirène
0119,Seaking,Seaking,Seaking,Golking,Poissoroy
0120,Staryu,Staryu,Staryu,Sterndu,Stari
0121,Starmie,Starmie,Starmie,Starmie,Staross
0122,Mr. Mime,Mr. Mime,Mr. Mime,Pantimos,M. Mime
0123,Scyther,Scyther,Scyther,Sichlor,Insécateur
0124,Jynx,Jynx,Jynx,Rossana,Lippoutou
0125,Electabuzz,Electabuzz,Electabuzz,Elektek,Élektek
0126,Magmar,Magmar,Magmar,Magmar,Magmar
0127,Pinsir,Pinsir,Pinsir,Pinsir,Scarabrute
0128,Tauros,Tauros,Tauros,Tauros,Tauros
0129,Magikarp,Magikarp,Magikarp,Karpador,Magicarpe
0130,Gyarados,Gyarados,Gyarados,Garados,Léviator
0131,Lapras,Lapras,Lapras,Lapras,Lokhlass
0132,Ditto,Ditto,Ditto,Ditto,Métamorph
0133,Eevee,Eevee,Eevee,Evoli,Évoli
0134,Vaporeon,Vaporeon,Vaporeon,Aquana,Aquali
0135,Jolteon,Jolteon,Jolteon,Blitza,Voltali
0136,Flareon,Flareon,Flareon,Flamara,Pyroli
0137,Porygon,Porygon,Porygon,Porygon,Porygon
0138,Omanyte,Omanyte,Omanyte,Amonitas,Amonita
0139,Omastar,Omastar,Omastar,Amoroso,Amonistar
0140,Kabuto,Kabuto,Kabuto,Kabuto,Kabuto
0141,Kabutops,Kabutops,Kabutops,Kabutops,Kabutops
0142,Aerodactyl,Aerodactyl,Aerodactyl,Aerodactyl,Ptéra
0143,Snorlax,Snorlax,Snorlax,Relaxo,Ronflex
0144,Articuno,Articuno,Articuno,Arktos,Artikodin
0145,Zapdos,Zapdos,Zapdos,Zapdos,Électhor
0146,Moltres,Moltres,Moltres,Lavados,Sulfura
0147,Dratini,Dratini,Dratini,Dratini,Minidraco
0148,Dragonair,Dragonair,Dragonair,Dragonir,Draco
0149,Dragonite,Dragonite,Dragonite,Dragoran,Dracolosse
0150,Mewtwo,Mewtwo,Mewtwo,Mewtu,Mewtwo
0151,Mew,Mew,Mew,Mew,Mew
0152,Chikorita,Chikorita,Chikorita,Endivie,Germignon
0153,Bayleef,Bayleef,Bayleef,Lorblatt,Macronium
0154,Meganium,Meganium,Meganium,Meganie,Méganium
0155,Cyndaquil,Cyndaquil,Cyndaquil,Feurigel,Héricendre
0156,Quilava,Quilava,Quilava,Igelavar,Feurisson
0157,Typhlosion,Typhlosion,Typhlosion,Tornupto,Typhlosion
0158,Totodile,Totodile,Totodile,Karnimani,Kaiminus
0159,Croconaw,Croconaw,Croconaw,Tyracroc,Crocrodil
0160,Feraligatr,Feraligatr,Feraligatr,Impergator,Aligatueur
0161,Sentret,Sentret,Sentret,Wiesor,Fouinette
0162,Furret,Furret,Furret,Wiesenior,Fouinar
0163,Hoothoot,Hoothoot,Hoothoot,Hoothoot,Hoothoot
0164,Noctowl,Noctowl,Noctowl,Noctuh,Noarfang
0165,Ledyba,Ledyba,Ledyba,Ledyba,Coxy
0166,Ledian,Ledian,Ledian,Ledian,Coxyclaque
0167,Spinarak,Spinarak,Spinarak,Webarak,Mimigal
0168,Ariados,Ariados,Ariados,Ariados,Migalos
0169,Crobat,Crobat,Crobat,Iksbat,Nostenfer
0170,Chinchou,Chinchou,Chinchou,Lampi,Loupio
0171,Lanturn,Lanturn,Lanturn,Lanturn,Lanturn
0172,Pichu,Pichu,Pichu,Pichu,Pichu
0173,Cleffa,Cleffa,Cleffa,Pii,Mélo
0174,Igglybuff,Igglybuff,Igglybuff,Fluffeluff,Toudoudou
0175,Togepi,Togepi,Togepi,Togepi,Togepi
0176,Togetic,Togetic,Togetic,Togetic,Togetic
0177,Natu,Natu,Natu,Natu,Natu
0178,Xatu,Xatu,Xatu,Xatu,Xatu
0179,Mareep,Mareep,Mareep,Voltilamm,Wattouat
0180,Flaaffy,Flaaffy,Flaaffy,Waaty,Lainergie
0181,Ampharos,Ampharos,Ampharos,Ampharos,Pharamp
0182,Bellossom,Bellossom,Bellossom,Blubella,Joliflor
0183,Marill,Marill,Marill,Marill,Marill
0184,Azumarill,Azumarill,Azumarill,Azumarill,Azumarill
0185,Sudowoodo,Sudowoodo,Sudowoodo,Mogelbaum,Simularbre
0186,Politoed,Politoed,Politoed,Quaxo,Tarpaud
0187,Hoppip,Hoppip,Hoppip,Hoppspross,Granivol
0188,Skiploom,Skiploom,Skiploom,Hubelupf,Floravol
0189,Jumpluff,Jumpluff,Jumpluff,Papungha,Cotovol
0190,Aipom,Aipom,Aipom,Griffel,Capumain
0191,Sunkern,Sunkern,Sunkern,Sonnkern,Tournegrin
0192,Sunflora,Sunflora,Sunflora,Sonnflora,Héliatronc
0193,Yanma,Yanma,Yanma,Yanma,Yanma
0194,Wooper,Wooper,Wooper,Felino,Axoloto
0195,Quagsire,Quagsire,Quagsire,Morlord,Maraiste
0196,Espeon,Espeon,Espeon,Psiana,Mentali
0197,Umbreon,Umbreon,Umbreon,Nachtara,Noctali
0198,Murkrow,Murkrow,Murkrow,Kramurx,Cornèbre
0199,Slowking,Slowking,Slowking,Laschoking,Roigada
0200,Misdreavus,Misdreavus,Misdreavus,Traunfugil,Feuforêve
0201,Unown,Unown,Unown,Icognito,Zarbi
0202,Wobbuffet,Wobbuffet,Wobbuffet,Woingenau,Qulbutoké
0203,Girafarig,Girafarig,Girafarig,Girafarig,Girafarig
0204,Pineco,Pineco,Pineco,Tannza,Pomdepik
0205,Forretress,Forretress,Forretress,Forstellka,Foretress
0206,Dunsparce,Dunsparce,Dunsparce,Dummisel,Insolourdo
0207,Gligar,Gligar,Gligar,Skorgla,Scorplane
0208,Steelix,Steelix,Steelix,Stahlos,Steelix
0209,Snubbull,Snubbull,Snubbull,Snubbull,Snubbull
0210,Granbull,Granbull,Granbull,Granbull,Granbull
0211,Qwilfish,Qwilfish,Qwilfish,Baldorfish,Qwilfish
0212,Scizor,Scizor,Scizor,Scherox,Cizayox
0213,Shuckle,Shuckle,Shuckle,Pottrott,Caratroc
0214,Heracross,Heracross,Heracross,Skaraborn,Scarhino
0215,Sneasel,Sneasel,Sneasel,Sniebel,Farfuret
0216,Teddiursa,Teddiursa,Teddiursa,Teddiursa,Teddiursa
0217,Ursaring,Ursaring,Ursaring,Ursaring,Ursaring
0218,Slugma,Slugma,Slugma,Schneckmag,Limagma
0219,Magcargo,Magcargo,Magcargo,Magcargo,Volcaropod
0220,Swinub,Swinub,Swinub,Quiekel,Marcacrin
0221,Piloswine,Piloswine,Piloswine,Keifel,Cochignon
0222,Corsola,Corsola,Corsola,Corasonn,Corayon
0223,Remoraid,Remoraid,Remoraid,Remoraid,Rémoraid
0224,Octillery,Octillery,Octillery,Octillery,Octillery
0225,Delibird,Delibird,Delibird,Botogel,Cadoizo
0226,Mantine,Mantine,Mantine,Mantax,Démanta
0227,Skarmory,Skarmory,Skarmory,Panzaeron,Airmure
0228,Houndour,Houndour,Houndour,Hunduster,Malosse
0229,Houndoom,Houndoom,Houndoom,Hundemon,Démolosse
0230,Kingdra,Kingdra,Kingdra,Seedraking,Hyporoi
0231,Phanpy,Phanpy,Phanpy,Phanpy,Phanpy
0232,Donphan,Donphan,Donphan,Donphan,Donphan
0233,Porygon2,Porygon2,Porygon2,Porygon2,Porygon2
0234,Stantler,Stantler,Stantler,Damhirplex,Cerfrousse
0235,Smeargle,Smeargle,Smeargle,Farbeagle,Queulorior
0236,Tyrogue,Tyrogue,Tyrogue,Rabauz,Debugant
0237,Hitmontop,Hitmontop,Hitmontop,Kapoera,Kapoera
0238,Smoochum,Smoochum,Smoochum,Kussilla,Lippouti
0239,Elekid,Elekid,Elekid,Elekid,Élekid
0240,Magby,Magby,Magby,Magby,Magby
0241,Miltank,Miltank,Miltank,Miltank,Écrémeuh
0242,Blissey,Blissey,Blissey,Heiteira,Leuphorie
0243,Raikou,Raikou,Raikou,Raikou,Raikou
0244,Entei,Entei,Entei,Entei,Entei
0245,Suicune,Suicune,Suicune,Suicune,Suicune
0246,Larvitar,Larvitar,Larvitar,Larvitar,Embrylex
0247,Pupitar,Pupitar,Pupitar,Pupitar,Ymphect
0248,Tyranitar,Tyranitar,Tyranitar,Despotar,Tyranocif
0249,Lugia,Lugia,Lugia,Lugia,Lugia
0250,Ho-Oh,Ho-Oh,Ho-Oh,Ho-Oh,Ho-Oh
0251,Celebi,Celebi,Celebi,Celebi,Celebi
0252,Treecko,Treecko,Treecko,Geckarbor,Arcko
0253,Grovyle,Grovyle,Grovyle,Reptain,Massko
0254,Sceptile,Sceptile,Sceptile,Gewaldro,Jungko
0255,Torchic,Torchic,Torchic,Flemmli,Poussifeu
0256,Combusken,Combusken,Combusken,Jungglut,Galifeu
0257,Blaziken,Blaziken,Blaziken,Lohgock,Braségali
0258,Mudkip,Mudkip,Mudkip,Hydropi,Gobou
0259,Marshtomp,Marshtomp,Marshtomp,Moorabbel,Flobio
0260,Swampert,Swampert,Swampert,Sumpex,Laggron
0261,Poochyena,Poochyena,Poochyena,Fiffyen,Medhyèna
0262,Mightyena,Mightyena,Mightyena,Magnayen,Grahyèna
0263,Zigzagoon,Zigzagoon,Zigzagoon,Zigzachs,Zigzaton
0264,Linoone,Linoone,Linoone,Geradaks,Linéon
0265,Wurmple,Wurmple,Wurmple,Waumpel,Chenipotte
0266,Silcoon,Silcoon,Silcoon,Schaloko,Armulys
0267,Beautifly,Beautifly,Beautifly,Papinella,Charmillon
0268,Cascoon,Cascoon,Cascoon,Panekon,Blindalys
0269,Dustox,Dustox,Dustox,Pudox,Papinox
0270,Lotad,Lotad,Lotad,Loturzel,Nénupiot
0271,Lombre,Lombre,Lombre,Lombrero,Lombre
0272,Ludicolo,Ludicolo,Ludicolo,Kappalores,Ludicolo
0273,Seedot,Seedot,Seedot,Samurzel,Grainipiot
0274,Nuzleaf,Nuzleaf,Nuzleaf,Blanas,Pifeuil
0275,Shiftry,Shiftry,Shiftry,Tengulist,Tengalice
0276,Taillow,Taillow,Taillow,Schwalbini,Nirondelle
0277,Swellow,Swellow,Swellow,Schwalboss,Hélédelle
0278,Wingull,Wingull,Wingull,Wingull,Goélise
0279,Pelipper,Pelipper,Pelipper,Pelipper,Bekipan
0280,Ralts,Ralts,Ralts,Trasla,Tarsal
0281,Kirlia,Kirlia,Kirlia,Kirlia,Kirlia
0282,Gardevoir,Gardevoir,Gardevoir,Guardevoir,Gardevoir
0283,Surskit,Surskit,Surskit,Gehweiher,Arakdo
0284,Masquerain,Masquerain,Masquerain,Maskeregen,Maskadra
0285,Shroomish,Shroomish,Shroomish,Knilz,Balignon
0286,Breloom,Breloom,Breloom,Kapilz,Chapignon
0287,Slakoth,Slakoth,Slakoth,Bummelz,Parecool
0288,Vigoroth,Vigoroth,Vigoroth,Muntier,Vigoroth
0289,Slaking,Slaking,Slaking,Letarking,Monaflèmit
0290,Nincada,Nincada,Nincada,Nincada,Ningale
0291,Ninjask,Ninjask,Ninjask,Ninjask,Ninjask
0292,Shedinja,Shedinja,Shedinja,Ninjatom,Munja
0293,Whismur,Whismur,Whismur,Flurmel,Chuchmur
0294,Loudred,Loudred,Loudred,Krakeelo,Ramboum
0295,Exploud,Exploud,Exploud,Krawumms,Brouhabam
0296,Makuhita,Makuhita,Makuhita,Makuhita,Makuhita
0297,Hariyama,Hariyama,Hariyama,Hariyama,Hariyama
0298,Azurill,Azurill,Azurill,Azurill,Azurill
0299,Nosepass,Nosepass,Nosepass,Nasgnet,Tarinor
0300,Skitty,Skitty,Skitty,Eneco,Skitty
0301,Delcatty,Delcatty,Delcatty,Enekoro,Delcatty
0302,Sableye,Sableye,Sableye,Zobiris,Ténéfix
0303,Mawile,Mawile,Mawile,Flunkifer,Mysdibule
0304,Aron,Aron,Aron,Stollunior,Galekid
0305,Lairon,Lairon,Lairon,Stollrak,Galegon
0306,Aggron,Aggron,Aggron,Stolloss,Galeking
0307,Meditite,Meditite,Meditite,Meditie,Méditikka
0308,Medicham,Medicham,Medicham,Meditalis,Charmina
0309,Electrike,Electrike,Electrike,Frizelbliz,Dynavolt
0310,Manectric,Manectric,Manectric,Voltenso,Élecsprint
0311,Plusle,Plusle,Plusle,Plusle,Posipi
0312,Minun,Minun,Minun,Minun,Négapi
0313,Volbeat,Volbeat,Volbeat,Volbeat,Muciole
0314,Illumise,Illumise,Illumise,Illumise,Lumivole
0315,Roselia,Roselia,Roselia,Roselia,Rosélia
0316,Gulpin,Gulpin,Gulpin,Schluppuck,Gloupti
0317,Swalot,Swalot,Swalot,Schlukwech,Avaltout
0318,Carvanha,Carvanha,Carvanha,Kanivanha,Carvanha
0319,Sharpedo,Sharpedo,Sharpedo,Tohaido,Sharpedo
0320,Wailmer,Wailmer,Wailmer,Wailmer,Wailmer
0321,Wailord,Wailord,Wailord,Wailord,Wailord
0322,Numel,Numel,Numel,Camaub,Chamallot
0323,Camerupt,Camerupt,Camerupt,Camerupt,Camérupt
0324,Torkoal,Torkoal,Torkoal,Qurtel,Chartor
0325,Spoink,Spoink,Spoink,Spoink,Spoink
0326,Grumpig,Grumpig,Grumpig,Groink,Groret
0327,Spinda,Spinda,Spinda,Pandir,Spinda
0328,Trapinch,Trapinch,Trapinch,Knacklion,Kraknoix
0329,Vibrava,Vibrava,Vibrava,Vibrava,Vibraninf
0330,Flygon,Flygon,Flygon,Libelldra,Libégon
0331,Cacnea,Cacnea,Cacnea,Tuska,Cacnea
0332,Cacturne,Cacturne,Cacturne,Noktuska,Cacturne
0333,Swablu,Swablu,Swablu,Wablu,Tylton
0334,Altaria,Altaria,Altaria,Altaria,Altaria
0335,Zangoose,Zangoose,Zangoose,Sengo,Mangriff
0336,Seviper,Seviper,Seviper,Vipitis,Séviper
0337,Lunatone,Lunatone,Lunatone,Lunastein,Séléroc
0338,Solrock,Solrock,Solrock,Sonnfel,Solaroc
0339,Barboach,Barboach,Barboach,Schmerbe,Barloche
0340,Whiscash,Whiscash,Whiscash,Welsar,Barbicha
0341,Corphish,Corphish,Corphish,Krebscorps,Écrapince
0342,Crawdaunt,Crawdaunt,Crawdaunt,Krebutack,Colhomard
0343,Baltoy,Baltoy,Baltoy,Puppance,Balbuto
0344,Claydol,Claydol,Claydol,Lepumentas,Kaorine
0345,Lileep,Lileep,Lileep,Liliep,Lilia
0346,Cradily,Cradily,Cradily,Wielie,Vacilys
0347,Anorith,Anorith,Anorith,Anorith,Anorith
0348,Armaldo,Armaldo,Armaldo,Armaldo,Armaldo
0349,Feebas,Feebas,Feebas,Barschwa,Barpau
0350,Milotic,Milotic,Milotic,Milotic,Milobellus
0351,Castform,Castform,Castform,Formeo,Morphéo
0352,Kecleon,Kecleon,Kecleon,Kecleon,Kecleon
0353,Shuppet,Shuppet,Shuppet,Shuppet,Polichombr
0354,Banette,Banette,Banette,Banette,Branette
0355,Duskull,Duskull,Duskull,Zwirrlicht,Skelénox
0356,Dusclops,Dusclops,Dusclops,Zwirrklop,Téraclope
0357,Tropius,Tropius,Tropius,Tropius,Tropius
0358,Chimecho,Chimecho,Chimecho,Palimpalim,Éoko
0359,Absol,Absol,Absol,Absol,Absol
0360,Wynaut,Wynaut,Wynaut,Isso,Okéoké
0361,Snorunt,Snorunt,Snorunt,Schneppke,Stalgamin
0362,Glalie,Glalie,Glalie,Firnontor,Oniglali
0363,Spheal,Spheal,Spheal,Seemops,Obalie
0364,Sealeo,Sealeo,Sealeo,Seejong,Phogleur
0365,Walrein,Walrein,Walrein,Walraisa,Kaimorse
0366,Clamperl,Clamperl,Clamperl,Perlu,Coquiperl
0367,Huntail,Huntail,Huntail,Aalabyss,Serpang
0368,Gorebyss,Gorebyss,Gorebyss,Saganabyss,Rosabyss
0369,Relicanth,Relicanth,Relicanth,Relicanth,Relicanth
0370,Luvdisc,Luvdisc,Luvdisc,Liebiskus,Lovdisc
0371,Bagon,Bagon,Bagon,Kindwurm,Draby
0372,Shelgon,Shelgon,Shelgon,Draschel,Drackhaus
0373,Salamence,Salamence,Salamence,Brutalanda,Drattak
0374,Beldum,Beldum,Beldum,Tanhel,Terhal
0375,Metang,Metang,Metang,Metang,Métang
0376,Metagross,Metagross,Metagross,Metagross,Métalosse
0377,Regirock,Regirock,Regirock,Regirock,Regirock
0378,Regice,Regice,Regice,Regice,Regice
0379,Registeel,Registeel,Registeel,Registeel,Registeel
0380,Latias,Latias,Latias,Latias,Latias
0381,Latios,Latios,Latios,Latios,Latios
0382,Kyogre,Kyogre,Kyogre,Kyogre,Kyogre
0383,Groudon,Groudon,Groudon,Groudon,Groudon
0384,Rayquaza,Rayquaza,Rayquaza,Rayquaza,Rayquaza
0385,Jirachi,Jirachi,Jirachi,Jirachi,Jirachi
0386,Deoxys,Deoxys,Deoxys,Deoxys,Deoxys
0387,Turtwig,Turtwig,Turtwig,Chelast,Tortipouss
0388,Grotle,Grotle,Grotle,Chelcarain,Boskara
0389,Torterra,Torterra,Torterra,Chelterrar,Torterra
0390,Chimchar,Chimchar,Chimchar,Panflam,Ouisticram
0391,Monferno,Monferno,Monferno,Panpyro,Chimpenfeu
0392,Infernape,Infernape,Infernape,Panferno,Simiabraz
0393,Piplup,Piplup,Piplup,Plinfa,Tiplouf
0394,Prinplup,Prinplup,Prinplup,Pliprin,Prinplouf
0395,Empoleon,Empoleon,Empoleon,Impoleon,Pingoléon
0396,Starly,Starly,Starly,Staralili,Étourmi
0397,Staravia,Staravia,Staravia,Staravia,Étourvol
0398,Staraptor,Staraptor,Staraptor,Staraptor,Étouraptor
0399,Bidoof,Bidoof,Bidoof,Bidiza,Keunotor
0400,Bibarel,Bibarel,Bibarel,Bidifas,Castorno
0401,Kricketot,Kricketot,Kricketot,Zirpurze,Crikzik
0402,Kricketune,Kricketune,Kricketune,Zirpeise,Mélokrik
0403,Shinx,Shinx,Shinx,Sheinux,Lixy
0404,Luxio,Luxio,Luxio,Luxio,Luxio
0405,Luxray,Luxray,Luxray,Luxtra,Luxray
0406,Budew,Budew,Budew,Knospi,Rozbouton
0407,Roserade,Roserade,Roserade,Roserade,Roserade
0408,Cranidos,Cranidos,Cranidos,Koknodon,Kranidos
0409,Rampardos,Rampardos,Rampardos,Rameidon ,Charkos
0410,Shieldon,Shieldon,Shieldon,Schilterus,Dinoclier
0411,Bastiodon,Bastiodon,Bastiodon,Bollterus,Bastiodon
0412,Burmy,Burmy,Burmy,Burmy,Cheniti
0413,Wormadam,Wormadam,Wormadam,Burmadame,Cheniselle
0414,Mothim,Mothim,Mothim,Moterpel,Papilord
0415,Combee,Combee,Combee,Wadribie,Apitrini
0416,Vespiquen,Vespiquen,Vespiquen,Honweisel,Apireine
0417,Pachirisu,Pachirisu,Pachirisu,Pachirisu,Pachirisu
0418,Buizel,Buizel,Buizel,Bamelin,Mustébouée
0419,Floatzel,Floatzel,Floatzel,Bojelin,Mustéflott
0420,Cherubi,Cherubi,Cherubi,Kikugi,Ceribou
0421,Cherrim,Cherrim,Cherrim,Kinoso,Ceriflor
0422,Shellos,Shellos,Shellos,Schalellos,Sancoki
0423,Gastrodon,Gastrodon,Gastrodon,Gastrodon,Tritosor
0424,Ambipom,Ambipom,Ambipom,Ambidiffel,Capidextre
0425,Drifloon,Drifloon,Drifloon,Driftlon,Baudrive
0426,Drifblim,Drifblim,Drifblim,Drifzepeli,Grodrive
0427,Buneary,Buneary,Buneary,Haspiror,Laporeille
0428,Lopunny,Lopunny,Lopunny,Schlapor,Lockpin
0429,Mismagius,Mismagius,Mismagius,Traunmagil,Magirêve
0430,Honchkrow,Honchkrow,Honchkrow,Kramshef,Corboss
0431,Glameow,Glameow,Glameow,Charmian,Chaglam
0432,Purugly,Purugly,Purugly,Shnurgarst,Chaffreux
0433,Chingling,Chingling,Chingling,Klingplim,Korillon
0434,Stunky,Stunky,Stunky,Skunkapuh,Moufouette
0435,Skuntank,Skuntank,Skuntank,Skuntank,Moufflair
0436,Bronzor,Bronzor,Bronzor,Bronzel,Archéomire
0437,Bronzong,Bronzong,Bronzong,Bronzong,Archéodong
0438,Bonsly,Bonsly,Bonsly,Mobai,Manzaï
0439,Mime Jr.,Mime Jr.,Mime Jr.,Pantimimi,Mime Jr.
0440,Happiny,Happiny,Happiny,Wonneira,Ptiravi
0441,Chatot,Chatot,Chatot,Plaudagei,Pijako
0442,Spiritomb,Spiritomb,Spiritomb,Kryppuk,Spiritomb
0443,Gible,Gible,Gible,Kaumalat,Griknot
0444,Gabite,Gabite,Gabite,Knarksel,Carmache
0445,Garchomp,Garchomp,Garchomp,Knakrack,Carchacrok
0446,Munchlax,Munchlax,Munchlax,Mampfaxo,Goinfrex
0447,Riolu,Riolu,Riolu,Riolu,Riolu
0448,Lucario,Lucario,Lucario,Lucario,Lucario
0449,Hippopotas,Hippopotas,Hippopotas,Hippopotas,Hippopotas
0450,Hippowdon,Hippowdon,Hippowdon,Hippoterus,Hippodocus
0451,Skorupi,Skorupi,Skorupi,Pionskora,Rapion
0452,Drapion,Drapion,Drapion,Piondragi ,Drascore
0453,Croagunk,Croagunk,Croagunk,Glibunkel,Cradopaud
0454,Toxicroak,Toxicroak,Toxicroak,Toxiquak,Coatox
0455,Carnivine,Carnivine,Carnivine,Venuflibis,Vortente
0456,Finneon,Finneon,Finneon,Finneon,Écayon
0457,Lumineon,Lumineon,Lumineon,Lumineon,Luminéon
0458,Mantyke,Mantyke,Mantyke,Mantirps ,Babimanta
0459,Snover,Snover,Snover,Shnebedeck,Blizzi
0460,Abomasnow,Abomasnow,Abomasnow,Rexblisar,Blizzaroi
0461,Weavile,Weavile,Weavile,Snibunna,Dimoret
0462,Magnezone,Magnezone,Magnezone,Magnezone,Magnézone
0463,Lickilicky,Lickilicky,Lickilicky,Schlurplek,Coudlangue
0464,Rhyperior,Rhyperior,Rhyperior,Rihornior,Rhinastoc
0465,Tangrowth,Tangrowth,Tangrowth,Tangoloss,Bouldeneu
0466,Electivire,Electivire,Electivire,Elevoltek,Élekable
0467,Magmortar,Magmortar,Magmortar,Magbrant,Maganon
0468,Togekiss,Togekiss,Togekiss,Togekiss,Togekiss
0469,Yanmega,Yanmega,Yanmega,Yanmega,Yanméga
0470,Leafeon,Leafeon,Leafeon,Folipurba,Phyllali
0471,Glaceon,Glaceon,Glaceon,Glaziola,Givrali
0472,Gliscor,Gliscor,Gliscor,Skorgro,Scorvol
0473,Mamoswine,Mamoswine,Mamoswine,Mamutel,Mammochon
0474,Porygon-Z,Porygon-Z,Porygon-Z,Porygon-Z,Porygon-Z
0475,Gallade,Gallade,Gallade,Galagladi,Gallame
0476,Probopass,Probopass,Probopass,Voluminas,Tarinorme
0477,Dusknoir,Dusknoir,Dusknoir,Zwirrfinst,Noctunoir
0478,Froslass,Froslass,Froslass,Frosdedje,Momartik
0479,Rotom,Rotom,Rotom,Rotom,Motisma
0480,Uxie,Uxie,Uxie,Selfe,Créhelf
0481,Mesprit,Mesprit,Mesprit,Vesprit,Créfollet
0482,Azelf,Azelf,Azelf,Tobutz,Créfadet
0483,Dialga,Dialga,Dialga,Dialga,Dialga
0484,Palkia,Palkia,Palkia,Palkia,Palkia
0485,Heatran,Heatran,Heatran,Heatran,Heatran
0486,Regigigas,Regigigas,Regigigas,Regigigas,Regigigas
0487,Giratina,Giratina,Giratina,Giratina,Giratina
0488,Cresselia,Cresselia,Cresselia,Cresselia,Cresselia
0489,Phione,Phione,Phione,Phione,Phione
0490,Manaphy,Manaphy,Manaphy,Manaphy,Manaphy
0491,Darkrai,Darkrai,Darkrai,Darkrai,Darkrai
0492,Shaymin,Shaymin,Shaymin,Shaymin,Shaymin
0493,Arceus,Arceus,Arceus,Arceus,Arceus
0494,Victini,Victini,Victini,Victini,Victini
0495,Snivy,Snivy,Snivy,Serpifeu,Vipélierre
0496,Servine,Servine,Servine,Efoserp,Lianaja
0497,Serperior,Serperior,Serperior,Serpiroyal,Majaspic
0498,Tepig,Tepig,Tepig,Floink,Gruikui
0499,Pignite,Pignite,Pignite,Ferkokel,Grotichon
0500,Emboar,Emboar,Emboar,Flambirex,Roitiflam
0501,Oshawott,Oshawott,Oshawott,Ottaro,Moustillon
0502,Dewott,Dewott,Dewott,Zwottronin,Mateloutre
0503,Samurott,Samurott,Samurott,Admurai,Clamiral
0504,Patrat,Patrat,Patrat,Nagelotz,Ratentif
0505,Watchog,Watchog,Watchog,Kukmarda,Miradar
0506,Lillipup,Lillipup,Lillipup,Yorkleff,Ponchiot
0507,Herdier,Herdier,Herdier,Terribark,Ponchien
0508,Stoutland,Stoutland,Stoutland,Bissbark,Mastouffe
0509,Purrloin,Purrloin,Purrloin,Felilou,Chacripan
0510,Liepard,Liepard,Liepard,Kleoparda,Léopardus
0511,Pansage,Pansage,Pansage,Vegimak,Feuillajou
0512,Simisage,Simisage,Simisage,Vegichita,Feuiloutan
0513,Pansear,Pansear,Pansear,Grillmak,Flamajou
0514,Simisear,Simisear,Simisear,Grillchita,Flamoutan
0515,Panpour,Panpour,Panpour,Sodamak,Flotajou
0516,Simipour,Simipour,Simipour,Sodachita,Flotoutan
0517,Munna,Munna,Munna,Somniam,Munna
0518,Musharna,Musharna,Musharna,Somnivora,Mushana
0519,Pidove,Pidove,Pidove,Dusselgurr,Poichigeon
0520,Tranquill,Tranquill,Tranquill,Navitaub,Colombeau
0521,Unfezant,Unfezant,Unfezant,Fasasnob,Déflaisan
0522,Blitzle,Blitzle,Blitzle,Elezeba,Zébribon
0523,Zebstrika,Zebstrika,Zebstrika,Zebritz,Zéblitz
0524,Roggenrola,Roggenrola,Roggenrola,Kiesling,Nodulithe
0525,Boldore,Boldore,Boldore,Sedimantur,Géolithe
0526,Gigalith,Gigalith,Gigalith,Brockoloss,Gigalithe
0527,Woobat,Woobat,Woobat,Fleknoil,Chovsourir
0528,Swoobat,Swoobat,Swoobat,Fletiamo,Rhinolove
0529,Drilbur,Drilbur,Drilbur,Rotomurf,Rototaupe
0530,Excadrill,Excadrill,Excadrill,Stalobor,Minotaupe
0531,Audino,Audino,Audino,Ohrdoch,Nanméouïe
0532,Timburr,Timburr,Timburr,Praktibalk,Charpenti
0533,Gurdurr,Gurdurr,Gurdurr,Strepoli,Ouvrifier
0534,Conkeldurr,Conkeldurr,Conkeldurr,Meistagrif,Bétochef
0535,Tympole,Tympole,Tympole,Schallquap,Tritonde
0536,Palpitoad,Palpitoad,Palpitoad,Mebrana,Batracné
0537,Seismitoad,Seismitoad,Seismitoad,Branawarz,Crapustule
0538,Throh,Throh,Throh,Jiutesto,Judokrak
0539,Sawk,Sawk,Sawk,Karadonis,Karaclée
0540,Sewaddle,Sewaddle,Sewaddle,Strawickl,Larveyette
0541,Swadloon,Swadloon,Swadloon,Folikon,Couverdure
0542,Leavanny,Leavanny,Leavanny,Matrifol,Manternel
0543,Venipede,Venipede,Venipede,Toxiped,Venipatte
0544,Whirlipede,Whirlipede,Whirlipede,Rollum,Scobolide
0545,Scolipede,Scolipede,Scolipede,Cerapendra,Brutapode
0546,Cottonee,Cottonee,Cottonee,Waumboll,Doudouvet
0547,Whimsicott,Whimsicott,Whimsicott,Elfun,Farfaduvet
0548,Petilil,Petilil,Petilil,Lilminip,Chlorobule
0549,Lilligant,Lilligant,Lilligant,Dressella,Fragilady
0550,Basculin,Basculin,Basculin,Barschuft,Bargantua
0551,Sandile,Sandile,Sandile,Ganovil,Mascaïman
0552,Krokorok,Krokorok,Krokorok,Rokkaiman,Escroco
0553,Krookodile,Krookodile,Krookodile,Rabigator,Crocorible
0554,Darumaka,Darumaka,Darumaka,Flampion,Darumarond
0555,Darmanitan,Darmanitan,Darmanitan,Flampivian,Darumacho
0556,Maractus,Maractus,Maractus,Maracamba,Maracachi
0557,Dwebble,Dwebble,Dwebble,Lithomith,Crabicoque
0558,Crustle,Crustle,Crustle,Castellith,Crabaraque
0559,Scraggy,Scraggy,Scraggy,Zurrokex,Baggiguane
0560,Scrafty,Scrafty,Scrafty,Irokex,Baggaïd
0561,Sigilyph,Sigilyph,Sigilyph,Symvolara,Cryptéro
0562,Yamask,Yamask,Yamask,Makabaja,Tutafeh
0563,Cofagrigus,Cofagrigus,Cofagrigus,Echnatoll,Tutankafer
0564,Tirtouga,Tirtouga,Tirtouga,Galapaflos,Carapagos
0565,Carracosta,Carracosta,Carracosta,Karippas,Mégapagos
0566,Archen,Archen,Archen,Flapteryx,Arkéapti
0567,Archeops,Archeops,Archeops,Aeropteryx,Aéroptéryx
0568,Trubbish,Trubbish,Trubbish,Unratütox,Miamiasme
0569,Garbodor,Garbodor,Garbodor,Deponitox,Miasmax
0570,Zorua,Zorua,Zorua,Zorua,Zorua
0571,Zoroark,Zoroark,Zoroark,Zoroark,Zoroark
0572,Minccino,Minccino,Minccino,Picochilla,Chinchidou
0573,Cinccino,Cinccino,Cinccino,Chillabell,Pashmilla
0574,Gothita,Gothita,Gothita,Mollimorba,Scrutella
0575,Gothorita,Gothorita,Gothorita,Hypnomorba,Mesmérella
0576,Gothitelle,Gothitelle,Gothitelle,Morbitesse,Sidérella
0577,Solosis,Solosis,Solosis,Monozyto,Nucléos
0578,Duosion,Duosion,Duosion,Mitodos,Méios
0579,Reuniclus,Reuniclus,Reuniclus,Zytomega,Symbios
0580,Ducklett,Ducklett,Ducklett,Piccolente,Couaneton
0581,Swanna,Swanna,Swanna,Swaroness,Lakmécygne
0582,Vanillite,Vanillite,Vanillite,Gelatini,Sorbébé
0583,Vanillish,Vanillish,Vanillish,Gelatroppo,Sorboul
0584,Vanilluxe,Vanilluxe,Vanilluxe,Gelatwino,Sorbouboul
0585,Deerling,Deerling,Deerling,Sesokitz,Vivaldaim
0586,Sawsbuck,Sawsbuck,Sawsbuck,Kronjuwild,Haydaim
0587,Emolga,Emolga,Emolga,Emolga,Emolga
0588,Karrablast,Karrablast,Karrablast,Laukaps,Carabing
0589,Escavalier,Escavalier,Escavalier,Cavalanzas,Lançargot
0590,Foongus,Foongus,Foongus,Tarnpignon,Trompignon
0591,Amoonguss,Amoonguss,Amoonguss,Hutsassa,Gaulet
0592,Frillish,Frillish,Frillish,Quabbel,Viskuse
0593,Jellicent,Jellicent,Jellicent,Apoquallyp,Moyade
0594,Alomomola,Alomomola,Alomomola,Mamolida,Mamanbo
0595,Joltik,Joltik,Joltik,Wattzapf,Statitik
0596,Galvantula,Galvantula,Galvantula,Voltula,Mygavolt
0597,Ferroseed,Ferroseed,Ferroseed,Kastadur,Grindur
0598,Ferrothorn,Ferrothorn,Ferrothorn,Tentantel,Noacier
0599,Klink,Klink,Klink,Klikk,Tic
0600,Klang,Klang,Klang,Kliklak,Clic
0601,Klinklang,Klinklang,Klinklang,Klikdiklak,Cliticlic
0602,Tynamo,Tynamo,Tynamo,Zapplardin,Anchwatt
0603,Eelektrik,Eelektrik,Eelektrik,Zapplalek,Lampéroie
0604,Eelektross,Eelektross,Eelektross,Zapplarang,Ohmassacre
0605,Elgyem,Elgyem,Elgyem,Pygraulon,Lewsor
0606,Beheeyem,Beheeyem,Beheeyem,Megalon,Neitram
0607,Litwick,Litwick,Litwick,Lichtel,Funécire
0608,Lampent,Lampent,Lampent,Laternecto,Mélancolux
0609,Chandelure,Chandelure,Chandelure,Skelabra,Lugulabre
0610,Axew,Axew,Axew,Milza,Coupenotte
0611,Fraxure,Fraxure,Fraxure,Sharfax,Incisache
0612,Haxorus,Haxorus,Haxorus,Maxax,Tranchodon
0613,Cubchoo,Cubchoo,Cubchoo,Petznief,Polarhume
0614,Beartic,Beartic,Beartic,Siberio,Polagriffe
0615,Cryogonal,Cryogonal,Cryogonal,Frigometri,Hexagel
0616,Shelmet,Shelmet,Shelmet,Schnuthelm,Escargaume
0617,Accelgor,Accelgor,Accelgor,Hydragil,Limaspeed
0618,Stunfisk,Stunfisk,Stunfisk,Flunschlik,Limonde
0619,Mienfoo,Mienfoo,Mienfoo,Lin-Fu,Kungfouine
0620,Mienshao,Mienshao,Mienshao,Wie-Shu,Shaofouine
0621,Druddigon,Druddigon,Druddigon,Shardrago,Drakkarmin
0622,Golett,Golett,Golett,Golbit,Gringolem
0623,Golurk,Golurk,Golurk,Golgantes,Golemastoc
0624,Pawniard,Pawniard,Pawniard,Gladiantri,Scalpion
0625,Bisharp,Bisharp,Bisharp,Caesurio,Scalproie
0626,Bouffalant,Bouffalant,Bouffalant,Bisofank,Frison
0627,Rufflet,Rufflet,Rufflet,Geronimatz,Furaiglon
0628,Braviary,Braviary,Braviary,Washakwil,Gueriaigle
0629,Vullaby,Vullaby,Vullaby,Skallyk,Vostourno
0630,Mandibuzz,Mandibuzz,Mandibuzz,Grypheldis,Vaututrice
0631,Heatmor,Heatmor,Heatmor,Furnifraß,Aflamanoir
0632,Durant,Durant,Durant,Fermicula,Fermite
0633,Deino,Deino,Deino,Kapuno,Solochi
0634,Zweilous,Zweilous,Zweilous,Duodino,Diamat
0635,Hydreigon,Hydreigon,Hydreigon,Trikephalo,Trioxhydre
0636,Larvesta,Larvesta,Larvesta,Ignivor,Pyronille
0637,Volcarona,Volcarona,Volcarona,Ramoth,Pyrax
0638,Cobalion,Cobalion,Cobalion,Kobalium,Cobaltium
0639,Terrakion,Terrakion,Terrakion,Terrakium,Terrakium
0640,Virizion,Virizion,Virizion,Viridium,Viridium
0641,Tornadus,Tornadus,Tornadus,Boreos,Boréas
0642,Thundurus,Thundurus,Thundurus,Voltolos,Fulguris
0643,Reshiram,Reshiram,Reshiram,Reshiram,Reshiram
0644,Zekrom,Zekrom,Zekrom,Zekrom,Zekrom
0645,Landorus,Landorus,Landorus,Demeteros,Démétéros
0646,Kyurem,Kyurem,Kyurem,Kyurem,Kyurem
0647,Keldeo,Keldeo,Keldeo,Keldeo,Keldeo
0648,Meloetta,Meloetta,Meloetta,Meloetta,Meloetta
0649,Genesect,Genesect,Genesect,Genesect,Genesect
0650,Chespin,Chespin,Chespin,Igamaro,Marisson
0651,Quilladin,Quilladin,Quilladin,Igastarnish,Boguérisse
0652,Chesnaught,Chesnaught,Chesnaught,Brigaron,Blindépique
0653,Fennekin,Fennekin,Fennekin,Fynx,Feunnec
0654,Braixen,Braixen,Braixen,Rutena,Roussil
0655,Delphox,Delphox,Delphox,Fennexis,Goupelin
0656,Froakie,Froakie,Froakie,Froxy,Grenousse
0657,Frogadier,Frogadier,Frogadier,Amphizel,Croâporal
0658,Greninja,Greninja,Greninja,Quajutsu,Amphinobi
0659,Bunnelby,Bunnelby,Bunnelby,Scoppel,Sapereau
0660,Diggersby,Diggersby,Diggersby,Grebbit,Excavarenne
0661,Fletchling,Fletchling,Fletchling,Dartiri,Passerouge
0662,Fletchinder,Fletchinder,Fletchinder,Dartignis,Braisillon
0663,Talonflame,Talonflame,Talonflame,Fiaro,Flambusard
0664,Scatterbug,Scatterbug,Scatterbug,Purmel,Lépidonille
0665,Spewpa,Spewpa,Spewpa,Puponcho,Pérégrain
0666,Vivillon,Vivillon,Vivillon,Vivillon,Prismillon
0667,Litleo,Litleo,Litleo,Leufeo,Hélionceau
0668,Pyroar,Pyroar,Pyroar,Pyroleo,Némélios
0669,Flabébé,Flabébé,Flabébé,Flabébé,Flabébé
0670,Floette,Floette,Floette,Floette,Floette
0671,Florges,Florges,Florges,Florges,Florges
0672,Skiddo,Skiddo,Skiddo,Mähikel,Cabriolaine
0673,Gogoat,Gogoat,Gogoat,Chevrumm,Chevroum
0674,Pancham,Pancham,Pancham,Pam-Pam,Pandespiègle
0675,Pangoro,Pangoro,Pangoro,Pandagro,Pandarbare
0676,Furfrou,Furfrou,Furfrou,Coiffwaff,Couafarel
0677,Espurr,Espurr,Espurr,Psiau,Psystigri
0678,Meowstic,Meowstic,Meowstic,Psiaugon,Mistigrix
0679,Honedge,Honedge,Honedge,Gramokles,Monorpale
0680,Doublade,Doublade,Doublade,Duokles,Dimoclès
0681,Aegislash,Aegislash,Aegislash,Durengard,Exagide
0682,Spritzee,Spritzee,Spritzee,Parfi,Fluvetin
0683,Aromatisse,Aromatisse,Aromatisse,Parfinesse,Cocotine
0684,Swirlix,Swirlix,Swirlix,Flauschling,Sucroquin
0685,Slurpuff,Slurpuff,Slurpuff,Sabbaione,Cupcanaille
0686,Inkay,Inkay,Inkay,Iscalar,Sepiatop
0687,Malamar,Malamar,Malamar,Calamanero,Sepiatroce
0688,Binacle,Binacle,Binacle,Bithora,Opermine
0689,Barbaracle,Barbaracle,Barbaracle,Thanathora,Golgopathe
0690,Skrelp,Skrelp,Skrelp,Algitt,Venalgue
0691,Dragalge,Dragalge,Dragalge,Tandrak,Kravarech
0692,Clauncher,Clauncher,Clauncher,Scampisto,Flingouste
0693,Clawitzer,Clawitzer,Clawitzer,Wummer,Gamblast
0694,Helioptile,Helioptile,Helioptile,Eguana,Galvaran
0695,Heliolisk,Heliolisk,Heliolisk,Elezard,Iguolta
0696,Tyrunt,Tyrunt,Tyrunt,Balgoras,Ptyranidur
0697,Tyrantrum,Tyrantrum,Tyrantrum,Monargoras,Rexillius
0698,Amaura,Amaura,Amaura,Amarino,Amagara
0699,Aurorus,Aurorus,Aurorus,Amagarga,Dragmara
0700,Sylveon,Sylveon,Sylveon,Feelinara,Nymphali
0701,Hawlucha,Hawlucha,Hawlucha,Resladero,Brutalibré
0702,Dedenne,Dedenne,Dedenne,Dedenne,Dedenne
0703,Carbink,Carbink,Carbink,Rocara,Strassie
0704,Goomy,Goomy,Goomy,Viscora,Mucuscule
0705,Sliggoo,Sliggoo,Sliggoo,Viscargot,Colimucus
0706,Goodra,Goodra,Goodra,Viscogon,Muplodocus
0707,Klefki,Klefki,Klefki,Clavion,Trousselin
0708,Phantump,Phantump,Phantump,Paragoni,Brocélôme
0709,Trevenant,Trevenant,Trevenant,Trombork,Desséliande
0710,Pumpkaboo,Pumpkaboo,Pumpkaboo,Irrbis,Pitrouille
0711,Gourgeist,Gourgeist,Gourgeist,Pumpdjinn,Banshitrouye
0712,Bergmite,Bergmite,Bergmite,Arktip,Grelaçon
0713,Avalugg,Avalugg,Avalugg,Arktilas,Séracrawl
0714,Noibat,Noibat,Noibat,eF-eM,Sonistrelle
0715,Noivern,Noivern,Noivern,UHaFnir,Bruyverne
0716,Xerneas,Xerneas,Xerneas,Xerneas,Xerneas
0717,Yveltal,Yveltal,Yveltal,Yveltal,Yveltal
0718,Zygarde,Zygarde,Zygarde,Zygarde,Zygarde
0719,Diancie,Diancie,Diancie,Diancie,Diancie
0720,Hoopa,Hoopa,Hoopa,Hoopa,Hoopa
0721,Volcanion,Volcanion,Volcanion,Volcanion,Volcanion
0722,Rowlet,Rowlet,Rowlet,Bauz,Brindibou
0723,Dartrix,Dartrix,Dartrix,Arboretoss,Efflèche
0724,Decidueye,Decidueye,Decidueye,Silvarro,Archéduc
0725,Litten,Litten,Litten,Flamiau,Flamiaou
0726,Torracat,Torracat,Torracat,Miezunder,Matoufeu
0727,Incineroar,Incineroar,Incineroar,Fuegro,Félinferno
0728,Popplio,Popplio,Popplio,Robball,Otaquin
0729,Brionne,Brionne,Brionne,Marikeck,Otarlette
0730,Primarina,Primarina,Primarina,Primarene,Oratoria
0731,Pikipek,Pikipek,Pikipek,Peppeck,Picassaut
0732,Trumbeak,Trumbeak,Trumbeak,Trompeck,Piclairon
0733,Toucannon,Toucannon,Toucannon,Tukanon,Bazoucan
0734,Yungoos,Yungoos,Yungoos,Mangunior,Manglouton
0735,Gumshoos,Gumshoos,Gumshoos,Manguspektor,Argouste
0736,Grubbin,Grubbin,Grubbin,Mabula,Larvibule
0737,Charjabug,Charjabug,Charjabug,Akkup,Chrysapile
0738,Vikavolt,Vikavolt,Vikavolt,Donarion,Lucanon
0739,Crabrawler,Crabrawler,Crabrawler,Krabbox,Crabagarre
0740,Crabominable,Crabominable,Crabominable,Krawell,Crabominable
0741,Oricorio,Oricorio,Oricorio,Choreogel,Plumeline
0742,Cutiefly,Cutiefly,Cutiefly,Wommel,Bombydou
0743,Ribombee,Ribombee,Ribombee,Bandelby,Rubombelle
0744,Rockruff,Rockruff,Rockruff,Wuffels,Rocabot
0745,Lycanroc,Lycanroc,Lycanroc,Wolwerock,Lougaroc
0746,Wishiwashi,Wishiwashi,Wishiwashi,Lusardin,Froussardine
0747,Mareanie,Mareanie,Mareanie,Garstella,Vorastérie
0748,Toxapex,Toxapex,Toxapex,Aggrostella,Prédastérie
0749,Mudbray,Mudbray,Mudbray,Pampuli,Tiboudet
0750,Mudsdale,Mudsdale,Mudsdale,Pampross,Bourrinos
0751,Dewpider,Dewpider,Dewpider,Araqua,Araqua
0752,Araquanid,Araquanid,Araquanid,Aranestro,Tarenbulle
0753,Fomantis,Fomantis,Fomantis,Imantis,Mimantis
0754,Lurantis,Lurantis,Lurantis,Mantidea,Floramantis
0755,Morelull,Morelull,Morelull,Bubungus,Spododo
0756,Shiinotic,Shiinotic,Shiinotic,Lamellux,Lampignon
0757,Salandit,Salandit,Salandit,Molunk,Tritox
0758,Salazzle,Salazzle,Salazzle,Amfira,Malamandre
0759,Stufful,Stufful,Stufful,Velursi,Nounourson
0760,Bewear,Bewear,Bewear,Kosturso,Chelours
0761,Bounsweet,Bounsweet,Bounsweet,Frubberl,Croquine
0762,Steenee,Steenee,Steenee,Frubaila,Candine
0763,Tsareena,Tsareena,Tsareena,Fruyal,Sucreine
0764,Comfey,Comfey,Comfey,Curelei,Guérilande
0765,Oranguru,Oranguru,Oranguru,Kommandutan,Gouroutan
0766,Passimian,Passimian,Passimian,Quartermak,Quartermac
0767,Wimpod,Wimpod,Wimpod,Reißlaus,Sovkipou
0768,Golisopod,Golisopod,Golisopod,Tectass,Sarmuraï
0769,Sandygast,Sandygast,Sandygast,Sankabuh,Bacabouh
0770,Palossand,Palossand,Palossand,Colossand,Trépassable
0771,Pyukumuku,Pyukumuku,Pyukumuku,Gufa,Concombaffe
0772,Tipo Zero,Type: Null,Código Cero,Typ:Null,Type:0
0773,Silvally,Silvally,Silvally,Amigento,Silvallié
0774,Minior,Minior,Minior,Meteno,Météno
0775,Komala,Komala,Komala,Koalelu,Dodoala
0776,Turtonator,Turtonator,Turtonator,Tortunator,Boumata
0777,Togedemaru,Togedemaru,Togedemaru,Togedemaru,Togedemaru
0778,Mimikyu,Mimikyu,Mimikyu,Mimigma,Mimiqui
0779,Bruxish,Bruxish,Bruxish,Knirfish,Denticrisse
0780,Drampa,Drampa,Drampa,Sen-Long,Draïeul
0781,Dhelmise,Dhelmise,Dhelmise,Moruda,Sinistrail
0782,Jangmo-o,Jangmo-o,Jangmo-o,Miniras,Bébécaille
0783,Hakamo-o,Hakamo-o,Hakamo-o,Mediras,Écaïd
0784,Kommo-o,Kommo-o,Kommo-o,Grandiras,Ékaïser
0785,Tapu Koko,Tapu Koko,Tapu Koko,Kapu-Riki,Tokorico
0786,Tapu Lele,Tapu Lele,Tapu Lele,Kapu-Fala,Tokopiyon
0787,Tapu Bulu,Tapu Bulu,Tapu Bulu,Kapu-Toro,Tokotoro
0788,Tapu Fini,Tapu Fini,Tapu Fini,Kapu-Kime,Tokopisco
0789,Cosmog,Cosmog,Cosmog,Cosmog,Cosmog
0790,Cosmoem,Cosmoem,Cosmoem,Cosmovum,Cosmovum
0791,Solgaleo,Solgaleo,Solgaleo,Solgaleo,Solgaleo
0792,Lunala,Lunala,Lunala,Lunala,Lunala
0793,Nihilego,Nihilego,Nihilego,Anego,Zéroïd
0794,Buzzwole,Buzzwole,Buzzwole,Masskito,Mouscoto
0795,Pheromosa,Pheromosa,Pheromosa,Schabelle,Cancrelove
0796,Xurkitree,Xurkitree,Xurkitree,Voltriant,Câblifère
0797,Celesteela,Celesteela,Celesteela,Kaguron,Bamboiselle
0798,Kartana,Kartana,Kartana,Katagami,Katagami
0799,Guzzlord,Guzzlord,Guzzlord,Schlingking,Engloutyran
0800,Necrozma,Necrozma,Necrozma,Necrozma,Necrozma
0801,Magearna,Magearna,Magearna,Magearna,Magearna
0802,Marshadow,Marshadow,Marshadow,Marshadow,Marshadow
0803,Poipole,Poipole,Poipole,Venicro,Vémini
0804,Naganadel,Naganadel,Naganadel,Agoyon,Mandrillon
0805,Stakataka,Stakataka,Stakataka,Muramura,Ama-Ama
0806,Blacephalon,Blacephalon,Blacephalon,Kopplosio,Pierroteknik
0807,Zeraora,Zeraora,Zeraora,Zeraora,Zeraora
0808,Meltan,Meltan,Meltan,Meltan,Meltan
0809,Melmetal,Melmetal,Melmetal,Melmetal,Melmetal
0810,Grookey,Grookey,Grookey,Chimpep,Ouistempo
0811,Thwackey,Thwackey,Thwackey,Chimstix,Badabouin
0812,Rillaboom,Rillaboom,Rillaboom,Gortrom,Gorythmic
0813,Scorbunny,Scorbunny,Scorbunny,Hopplo,Flambino
0814,Raboot,Raboot,Raboot,Kickerlo,Lapyro
0815,Cinderace,Cinderace,Cinderace,Liberlo,Pyrobut
0816,Sobble,Sobble,Sobble,Memmeon,Larméléon
0817,Drizzile,Drizzile,Drizzile,Phlegleon,Arrozard
0818,Inteleon,Inteleon,Inteleon,Intelleon,Lézargus
0819,Skwovet,Skwovet,Skwovet,Raffel,Rongourmand
0820,Greedent,Greedent,Greedent,Schlaraffel,Rongrigou
0821,Rookidee,Rookidee,Rookidee,Meikro,Minisange
0822,Corvisquire,Corvisquire,Corvisquire,Kranoviz,Bleuseille
0823,Corviknight,Corviknight,Corviknight,Krarmor,Corvaillus
0824,Blipbug,Blipbug,Blipbug,Sensect,Larvadar
0825,Dottler,Dottler,Dottler,Keradar,Coléodôme
0826,Orbeetle,Orbeetle,Orbeetle,Maritellit,Astronelle
0827,Nickit,Nickit,Nickit,Kleptifux,Goupilou
0828,Thievul,Thievul,Thievul,Gaunux,Roublenard
0829,Gossifleur,Gossifleur,Gossifleur,Cottini,Tournicoton
0830,Eldegoss,Eldegoss,Eldegoss,Cottomi,Blancoton
0831,Wooloo,Wooloo,Wooloo,Wolly,Moumouton
0832,Dubwool,Dubwool,Dubwool,Zwollock,Moumouflon
0833,Chewtle,Chewtle,Chewtle,Kamehaps,Khélocrok
0834,Drednaw,Drednaw,Drednaw,Kamalm,Torgamord
0835,Yamper,Yamper,Yamper,Voldi,Voltoutou
0836,Boltund,Boltund,Boltund,Bellektro,Fulgudog
0837,Rolycoly,Rolycoly,Rolycoly,Klonkett,Charbi
0838,Carkol,Carkol,Carkol,Wagong,Wagomine
0839,Coalossal,Coalossal,Coalossal,Montecarbo,Monthracite
0840,Applin,Applin,Applin,Knapfel,Verpom
0841,Flapple,Flapple,Flapple,Drapfel,Pomdrapi
0842,Appletun,Appletun,Appletun,Schlapfel,Dratatin
0843,Silicobra,Silicobra,Silicobra,Salanga,Dunaja
0844,Sandaconda,Sandaconda,Sandaconda,Sanaconda,Dunaconda
0845,Cramorant,Cramorant,Cramorant,Urgl,Nigosier
0846,Arrokuda,Arrokuda,Arrokuda,Pikuda,Embrochet
0847,Barraskewda,Barraskewda,Barraskewda,Barrakiefa,Hastacuda
0848,Toxel,Toxel,Toxel,Toxel,Toxizap
0849,Toxtricity,Toxtricity,Toxtricity,Riffex,Salarsen
0850,Sizzlipede,Sizzlipede,Sizzlipede,Thermopod,Grillepattes
0851,Centiskorch,Centiskorch,Centiskorch,Infernopod,Scolocendre
0852,Clobbopus,Clobbopus,Clobbopus,Klopptopus,Poulpaf
0853,Grapploct,Grapploct,Grapploct,Kaocto,Krakos
0854,Sinistea,Sinistea,Sinistea,Fatalitee,Théffroi
0855,Polteageist,Polteageist,Polteageist,Mortipot,Polthégeist
0856,Hatenna,Hatenna,Hatenna,Brimova,Bibichut
0857,Hattrem,Hattrem,Hattrem,Brimano,Chapotus
0858,Hatterene,Hatterene,Hatterene,Silembrim,Sorcilence
0859,Impidimp,Impidimp,Impidimp,Bähmon,Grimalin
0860,Morgrem,Morgrem,Morgrem,Pelzebub,Fourbelin
0861,Grimmsnarl,Grimmsnarl,Grimmsnarl,Olangaar,Angoliath
0862,Obstagoon,Obstagoon,Obstagoon,Barrikadax,Ixon
0863,Perrserker,Perrserker,Perrserker,Mauzinger,Berserkatt
0864,Cursola,Cursola,Cursola,Gorgasonn,Corayôme
0865,Sirfetch'd,Sirfetch'd,Sirfetch'd,Lauchzelot,Palarticho
0866,Mr. Rime,Mr. Rime,Mr. Rime,Pantifrost,M. Glaquette
0867,Runerigus,Runerigus,Runerigus,Oghnatoll,Tutétékri
0868,Milcery,Milcery,Milcery,Hokumil,Crèmy
0869,Alcremie,Alcremie,Alcremie,Pokusan,Charmilly
0870,Falinks,Falinks,Falinks,Legios,Hexadron
0871,Pincurchin,Pincurchin,Pincurchin,Britzigel,Wattapik
0872,Snom,Snom,Snom,Snomnom,Frissonille
0873,Frosmoth,Frosmoth,Frosmoth,Mottineva,Beldeneige
0874,Stonjourner,Stonjourner,Stonjourner,Humanolith,Dolman
0875,Eiscue,Eiscue,Eiscue,Kubuin,Bekaglaçon
0876,Indeedee,Indeedee,Indeedee,Servol,Wimessir
0877,Morpeko,Morpeko,Morpeko,Morpeko,Morpeko
0878,Cufant,Cufant,Cufant,Kupfanti,Charibari
0879,Copperajah,Copperajah,Copperajah,Patinaraja,Pachyradjah
0880,Dracozolt,Dracozolt,Dracozolt,Lectragon,Galvagon
0881,Arctozolt,Arctozolt,Arctozolt,Lecryodon,Galvagla
0882,Dracovish,Dracovish,Dracovish,Pescragon,Hydragon
0883,Arctovish,Arctovish,Arctovish,Pescryodon,Hydragla
0884,Duraludon,Duraludon,Duraludon,Duraludon,Duralugon
0885,Dreepy,Dreepy,Dreepy,Grolldra,Fantyrm
0886,Drakloak,Drakloak,Drakloak,Phandra,Dispareptil
0887,Dragapult,Dragapult,Dragapult,Katapuldra,Lanssorien
0888,Zacian,Zacian,Zacian,Zacian,Zacian
0889,Zamazenta,Zamazenta,Zamazenta,Zamazenta,Zamazenta
0890,Eternatus,Eternatus,Eternatus,Endynalos,Éthernatos
0891,Kubfu,Kubfu,Kubfu,Dakuma,Wushours
0892,Urshifu,Urshifu,Urshifu,Wulaosu,Shifours
0893,Zarude,Zarude,Zarude,Zarude,Zarude
0894,Regieleki,Regieleki,Regieleki,Regieleki,Regieleki
0895,Regidrago,Regidrago,Regidrago,Regidrago,Regidrago
0896,Glastrier,Glastrier,Glastrier,Polaross,Blizzeval
0897,Spectrier,Spectrier,Spectrier,Phantoross,Spectreval
0898,Calyrex,Calyrex,Calyrex,Coronospa,Sylveroy
0899,Wyrdeer,Wyrdeer,Wyrdeer,Damythir,Cerbyllin
0900,Kleavor,Kleavor,Kleavor,Axantor,Hachécateur
0901,Ursaluna,Ursaluna,Ursaluna,Ursaluna,Ursaking
0902,Basculegion,Basculegion,Basculegion,Salmagnis,Paragruel
0903,Sneasler,Sneasler,Sneasler,Snieboss,Farfurex
0904,Overqwil,Overqwil,Overqwil,Myriador,Qwilpik
0905,Enamorus,Enamorus,Enamorus,Cupidos,Amovénus
0906,Sprigatito,Sprigatito,Sprigatito,Felori,Poussacha
0907,Floragato,Floragato,Floragato,Feliospa,Matourgeon
0908,Meowscarada,Meowscarada,Meowscarada,Maskagato,Miascarade
0909,Fuecoco,Fuecoco,Fuecoco,Krokel,Chochodile
0910,Crocalor,Crocalor,Crocalor,Lokroko,Crocogril
0911,Skeledirge,Skeledirge,Skeledirge,Skelokrok,Flâmigator
0912,Quaxly,Quaxly,Quaxly,Kwaks,Coiffeton
0913,Quaxwell,Quaxwell,Quaxwell,Fuentente,Canarbello
0914,Quaquaval,Quaquaval,Quaquaval,Bailonda,Palmaval
0915,Lechonk,Lechonk,Lechonk,Ferkuli,Gourmelet
0916,Oinkologne,Oinkologne,Oinkologne,Fragrunz,Fragroin
0917,Tarountula,Tarountula,Tarountula,Tarundel,Tissenboule
0918,Spidops,Spidops,Spidops,Spinsidias,Filentrappe
0919,Nymble,Nymble,Nymble,Micrick,Lilliterelle
0920,Lokix,Lokix,Lokix,Lextremo,Gambex
0921,Pawmi,Pawmi,Pawmi,Pamo,Pohm
0922,Pawmo,Pawmo,Pawmo,Pamamo,Pohmotte
0923,Pawmot,Pawmot,Pawmot,Pamomamo,Pohmarmotte
0924,Tandemaus,Tandemaus,Tandemaus,Zwieps,Compagnol
0925,Maushold,Maushold,Maushold,Famieps,Famignol
0926,Fidough,Fidough,Fidough,Hefel,Pâtachiot
0927,Dachsbun,Dachsbun,Dachsbun,Backel,Briochien
0928,Smoliv,Smoliv,Smoliv,Olini,Olivini
0929,Dolliv,Dolliv,Dolliv,Olivinio,Olivado
0930,Arboliva,Arboliva,Arboliva,Olithena,Arboliva
0931,Squawkabilly,Squawkabilly,Squawkabilly,Krawalloro,Tapatoès
0932,Nacli,Nacli,Nacli,Geosali,Selutin
0933,Naclstack,Naclstack,Naclstack,Sedisal,Amassel
0934,Garganacl,Garganacl,Garganacl,Saltigant,Gigansel
0935,Charcadet,Charcadet,Charcadet,Knarbon,Charbambin
0936,Armarouge,Armarouge,Armarouge,Crimanzo,Carmadura
0937,Ceruledge,Ceruledge,Ceruledge,Azugladis,Malvalame
0938,Tadbulb,Tadbulb,Tadbulb,Blipp,Têtampoule
0939,Bellibolt,Bellibolt,Bellibolt,Wampitz,Ampibidou
0940,Wattrel,Wattrel,Wattrel,Voltrel,Zapétrel
0941,Kilowattrel,Kilowattrel,Kilowattrel,Voltrean,Fulgulairo
0942,Maschiff,Maschiff,Maschiff,Mobtiff,Grondogue
0943,Mabosstiff,Mabosstiff,Mabosstiff,Mastifioso,Dogrino
0944,Shroodle,Shroodle,Shroodle,Sproxi,Gribouraigne
0945,Grafaiai,Grafaiai,Grafaiai,Affiti,Tag-Tag
0946,Bramblin,Bramblin,Bramblin,Weherba,Virovent
0947,Brambleghast,Brambleghast,Brambleghast,Horrerba,Virevorreur
0948,Toedscool,Toedscool,Toedscool,Tentagra,Terracool
0949,Toedscruel,Toedscruel,Toedscruel,Tenterra,Terracruel
0950,Klawf,Klawf,Klawf,Klibbe,Craparoi
0951,Capsakid,Capsakid,Capsakid,Chilingel,Pimito
0952,Scovillain,Scovillain,Scovillain,Halupenjo,Scovilain
0953,Rellor,Rellor,Rellor,Relluk,Léboulérou
0954,Rabsca,Rabsca,Rabsca,Skarabaks,Bérasca
0955,Flittle,Flittle,Flittle,Flattutu,Flotillon
0956,Espathra,Espathra,Espathra,Psiopatra,Cléopsytra
0957,Tinkatink,Tinkatink,Tinkatink,Forgita,Forgerette
0958,Tinkatuff,Tinkatuff,Tinkatuff,Tafforgita,Forgella
0959,Tinkaton,Tinkaton,Tinkaton,Granforgita,Forgelina
0960,Wiglett,Wiglett,Wiglett,Schligda,Taupikeau
0961,Wugtrio,Wugtrio,Wugtrio,Schligdri,Triopikeau
0962,Bombirdier,Bombirdier,Bombirdier,Adebom,Lestombaile
0963,Finizen,Finizen,Finizen,Normifin,Dofin
0964,Palafin,Palafin,Palafin,Delfinator,Superdofin
0965,Varoom,Varoom,Varoom,Knattox,Vrombi
0966,Revavroom,Revavroom,Revavroom,Knattatox,Vrombotor
0967,Cyclizar,Cyclizar,Cyclizar,Mopex,Motorizard
0968,Orthworm,Orthworm,Orthworm,Schlurm,Ferdeter
0969,Glimmet,Glimmet,Glimmet,Lumispross,Germéclat
0970,Glimmora,Glimmora,Glimmora,Lumiflora,Floréclat
0971,Greavard,Greavard,Greavard,Gruff,Toutombe
0972,Houndstone,Houndstone,Houndstone,Friedwuff,Tomberro
0973,Flamigo,Flamigo,Flamigo,Flaminkno,Flamenroule
0974,Cetoddle,Cetoddle,Cetoddle,Flaniwal,Piétacé
0975,Cetitan,Cetitan,Cetitan,Kolowal,Balbalèze
0976,Veluza,Veluza,Veluza,Agiluza,Délestin
0977,Dondozo,Dondozo,Dondozo,Heerashai,Oyacata
0978,Tatsugiri,Tatsugiri,Tatsugiri,Nigiragi,Nigirigon
0979,Annihilape,Annihilape,Annihilape,Epitaff,Courrousinge
0980,Clodsire,Clodsire,Clodsire,Suelord,Terraiste
0981,Farigiraf,Farigiraf,Farigiraf,Farigiraf,Farigiraf
0982,Dudunsparce,Dudunsparce,Dudunsparce,Dummimisel,Deusolurdo
0983,Kingambit,Kingambit,Kingambit,Gladimperio,Scalpereur
0984,Grandizanne,Great Tusk,Colmilargo,Riesenzahn,Fort-Ivoire
0985,Codaurlante,Scream Tail,Colagrito,Brüllschweif,Hurle-Queue
0986,Fungofurioso,Brute Bonnet,Furioseta,Wutpilz,Fongus-Furie
0987,Crinealato,Flutter Mane,Melenaleteo,Flatterhaar,Flotte-Mèche
0988,Alirasenti,Slither Wing,Reptalada,Kriechflügel,Rampe-Ailes
0989,Peldisabbia,Sandy Shocks,Pelarena,Sandfell,Pelage-Sablé
0990,Solcoferreo,Iron Treads,Ferrodada,Eisenrad,Roue-de-Fer
0991,Saccoferreo,Iron Bundle,Ferrosaco,Eisenbündel,Hotte-de-Fer
0992,Manoferrea,Iron Hands,Ferropalmas,Eisenhand,Paume-de-Fer
0993,Colloferreo,Iron Jugulis,Ferrocuello,Eisenhals,Têtes-de-Fer
0994,Falenaferrea,Iron Moth,Ferropolilla,Eisenfalter,Mite-de-Fer
0995,Spineferree,Iron Thorns,Ferropúas,Eisendorn,Épine-de-Fer
0996,Frigibax,Frigibax,Frigibax,Frospino,Frigodo
0997,Arctibax,Arctibax,Arctibax,Cryospino,Cryodo
0998,Baxcalibur,Baxcalibur,Baxcalibur,Espinodon,Glaivodo
0999,Gimmighoul,Gimmighoul,Gimmighoul,Gierspenst,Mordudor
1000,Gholdengo,Gholdengo,Gholdengo,Monetigo,Gromago
1001,Wo-Chien,Wo-Chien,Wo-Chien,Chongjian,Chongjian
1002,Chien-Pao,Chien-Pao,Chien-Pao,Baojian,Baojian
1003,Ting-Lu,Ting-Lu,Ting-Lu,Dinglu,Dinglu
1004,Chi-Yu,Chi-Yu,Chi-Yu,Yuyu,Yuyu
1005,Lunaruggente,Roaring Moon,Bramaluna,Donnersichel,Rugit-Lune
1006,Eroeferreo,Iron Valiant,Ferropaladín,Eisenkrieger,Garde-de-Fer
1007,Koraidon,Koraidon,Koraidon,Koraidon,Koraidon
1008,Miraidon,Miraidon,Miraidon,Miraidon,Miraidon
1009,Acquecrespe,Walking Wake,Ondulagua,Windewoge,Serpente-Eau
1010,Fogliaferrea,Iron Leaves,Ferroverdor,Eisenblatt,Vert-de-Fer
1011,Dipplin,Dipplin,Dipplin,Sirapfel,Pomdramour
1012,Poltchageist,Poltchageist,Poltchageist,Mortcha,Poltchageist
1013,Sinistcha,Sinistcha,Sinistcha,Fatalitcha,Théffroyable
1014,Okidogi,Okidogi,Okidogi,Boninu,Félicanis
1015,Munkidori,Munkidori,Munkidori,Benesaru,Fortusimia
1016,Fezandipiti,Fezandipiti,Fezandipiti,Beatori,Favianos
1017,Ogerpon,Ogerpon,Ogerpon,Ogerpon,Ogerpon
1018,Archaludon,Archaludon,Archaludon,Briduradon,Pondralugon
1019,Hydrapple,Hydrapple,Hydrapple,Hydrapfel,Pomdorochi
1020,Vampeaguzze,Gouging Fire,Flamariete,Keilflamme,Feu-Perçant
1021,Furiatonante,Raging Bolt,Electrofuria,Furinblitz,Ire-Foudre
1022,Massoferreo,Iron Boulder,Ferromole,Eisenfels,Roc-de-Fer
1023,Capoferreo,Iron Crown,Ferrotesta,Eisenhaupt,Chef-de-Fer
1024,Terapagos,Terapagos,Terapagos,Terapagos,Terapagos
1025,Pecharunt,Pecharunt,Pecharunt,Infamomo,Pêchaminus
