,spsc,
LvC,spsc,
LvB,spsc,
LvFo,spsc,
LvFe,spsc,
LvS,spsc,
LvFc,spsc,
RFa,spsc,
RC,spsc,
RB,spsc,
RFo,spsc,
RFe,spsc,
RS,spsc,
RFc,spsc,
MaFa,spsc,
MaC,spsc,
MaB,spsc,
MaFo,spsc,
MaFe,spsc,
MaS,spsc,
MaFc,spsc,
MeFa,spsc,
MeC,spsc,
MeB,spsc,
MeFo,spsc,
MeFe,spsc,
MeS,spsc,
MeFc,spsc,
LFa,spsc,
LC,spsc,
LB,spsc,
LFo,spsc,
LFe,spsc,
LS,spsc,
LFc,spsc,
SFa,spsc,
SC,spsc,
SB,spsc,
SFo,spsc,
SFe,spsc,
SS,spsc,
SFc,spsc,
RmFa,spsc,
RmC,spsc,
RmB,spsc,
RmFo,spsc,
RmFe,spsc,
RmS,spsc,
RmFc,spsc,
CmFa,spsc,
CmC,spsc,
CmB,spsc,
CmFo,spsc,
CmFe,spsc,
CmS,spsc,
CmFc,spsc,
TmFa,spsc,
TmC,spsc,
TmB,spsc,
TmFo,spsc,
TmFe,spsc,
TmS,spsc,
TmFc,spsc,
Gi,spsc,spsc
